{
  "top_k": 256,
  "sel_threshold": 0.1,
  "num_records": 674,
  "category_totals_across_all_layers": {
    "computation_bridge": 9412,
    "result_encoder": 6603,
    "operand_tracker": 5678,
    "dual_role": 1848,
    "background": 271371
  },
  "top_features_per_category": {
    "computation_bridge": {
      "best_layer": 11,
      "count_at_best_layer": 447,
      "sample_features": [
        19,
        20,
        21,
        31,
        94,
        106,
        118,
        119,
        136,
        156,
        162,
        218,
        240,
        260,
        286,
        294,
        328,
        329,
        342,
        355
      ]
    },
    "result_encoder": {
      "best_layer": 14,
      "count_at_best_layer": 382,
      "sample_features": [
        31,
        37,
        66,
        99,
        101,
        111,
        131,
        151,
        262,
        272,
        286,
        298,
        339,
        450,
        451,
        531,
        570,
        576,
        578,
        687
      ]
    },
    "operand_tracker": {
      "best_layer": 14,
      "count_at_best_layer": 342,
      "sample_features": [
        123,
        137,
        178,
        186,
        226,
        269,
        297,
        361,
        367,
        398,
        456,
        473,
        543,
        562,
        572,
        597,
        602,
        608,
        615,
        690
      ]
    },
    "dual_role": {
      "best_layer": 0,
      "count_at_best_layer": 179,
      "sample_features": [
        103,
        105,
        142,
        433,
        472,
        542,
        674,
        809,
        860,
        900,
        903,
        927,
        991,
        1026,
        1082,
        1100,
        1196,
        1228,
        1243,
        1280
      ]
    },
    "background": {
      "best_layer": 2,
      "count_at_best_layer": 11508,
      "sample_features": [
        0,
        1,
        2,
        3,
        4,
        5,
        6,
        7,
        8,
        9,
        10,
        11,
        12,
        13,
        15,
        16,
        18,
        19,
        20,
        21
      ]
    }
  },
  "mean_rate_by_role_by_layer": {
    "operand": [
      0.02083333395421505,
      0.02083333395421505,
      0.02083333395421505,
      0.0208333320915699,
      0.02083333395421505,
      0.02083333395421505,
      0.0208333320915699,
      0.02083333395421505,
      0.02083333395421505,
      0.02083333395421505,
      0.02083333395421505,
      0.02083333395421505,
      0.02083333395421505,
      0.02083333395421505,
      0.02083333395421505,
      0.02083333395421505,
      0.02083333395421505,
      0.02083333395421505,
      0.02083333395421505,
      0.02083333395421505,
      0.02083333395421505,
      0.02083333395421505,
      0.02083333395421505,
      0.0208333320915699
    ],
    "result": [
      0.02083333395421505,
      0.02083333395421505,
      0.0208333320915699,
      0.02083333395421505,
      0.02083333395421505,
      0.0208333320915699,
      0.02083333395421505,
      0.02083333395421505,
      0.02083333395421505,
      0.02083333395421505,
      0.02083333395421505,
      0.0208333320915699,
      0.02083333395421505,
      0.02083333395421505,
      0.02083333395421505,
      0.02083333395421505,
      0.0208333320915699,
      0.0208333320915699,
      0.02083333395421505,
      0.02083333395421505,
      0.02083333395421505,
      0.02083333395421505,
      0.0208333320915699,
      0.02083333395421505
    ],
    "eq_sign": [
      0.02083333395421505,
      0.0208333320915699,
      0.02083333395421505,
      0.02083333395421505,
      0.02083333395421505,
      0.02083333395421505,
      0.02083333395421505,
      0.02083333395421505,
      0.02083333395421505,
      0.0208333320915699,
      0.0208333320915699,
      0.0208333320915699,
      0.02083333395421505,
      0.02083333395421505,
      0.02083333395421505,
      0.02083333395421505,
      0.02083333395421505,
      0.0208333320915699,
      0.02083333395421505,
      0.02083333395421505,
      0.02083333395421505,
      0.02083333395421505,
      0.0208333320915699,
      0.02083333395421505
    ],
    "background": [
      0.0208333320915699,
      0.02083333395421505,
      0.02083333395421505,
      0.02083333395421505,
      0.02083333395421505,
      0.02083333395421505,
      0.02083333395421505,
      0.02083333395421505,
      0.02083333395421505,
      0.02083333395421505,
      0.0208333320915699,
      0.02083333395421505,
      0.02083333395421505,
      0.02083333395421505,
      0.02083333395421505,
      0.02083333395421505,
      0.02083333395421505,
      0.02083333395421505,
      0.02083333395421505,
      0.0208333320915699,
      0.02083333395421505,
      0.02083333395421505,
      0.02083333395421505,
      0.0208333320915699
    ]
  }
}