{
  "10": {
    "accuracy": 0.9369403275200903,
    "f1": 0.929658145357227,
    "latent_dim": 7680
  }
}