{
  "num_pairs": 30,
  "patch_k": 128,
  "mean_delta_logprob": [
    -0.3423135578632355,
    -2.1938910484313965,
    -2.39406418800354,
    -4.652146816253662,
    -3.6279056072235107,
    -5.922070026397705,
    -5.604039192199707,
    -3.728057384490967,
    -6.79823637008667,
    -7.966907978057861,
    -4.342421054840088,
    -4.261249542236328,
    -6.093902111053467,
    -2.483717918395996,
    -4.224542140960693,
    -3.9183807373046875,
    -2.374664306640625,
    -3.033381700515747,
    -2.8076767921447754,
    -1.4440650939941406,
    -1.3909783363342285,
    -1.4724676609039307,
    -5.6170501708984375,
    -5.591462135314941
  ],
  "std_delta_logprob": [
    1.3040636777877808,
    1.66654634475708,
    1.3627550601959229,
    1.8489933013916016,
    1.3420214653015137,
    2.091693639755249,
    1.6856393814086914,
    1.8970414400100708,
    2.106696367263794,
    2.2598981857299805,
    1.5532063245773315,
    2.304051637649536,
    1.871623158454895,
    1.681157112121582,
    1.5208995342254639,
    2.018033981323242,
    1.7133749723434448,
    2.163060426712036,
    1.9891810417175293,
    2.034848213195801,
    1.7026458978652954,
    1.3354231119155884,
    1.9546014070510864,
    1.6720820665359497
  ],
  "best_layer": 0,
  "best_mean_delta_logprob": -0.3423135578632355,
  "worst_layer": 9
}