{
  "6": {
    "accuracy": 0.8683039404209554,
    "f1": 0.8917816397125167,
    "latent_dim": 4608,
    "majority_class_baseline": 0.9180595717499666,
    "improvement_over_baseline": -0.049755631329011174,
    "per_class_accuracy": {
      "comparison": 0.0,
      "equation": 0.969912512716175,
      "other": 0.8609350514040573,
      "reasoning": 0.0
    },
    "class_weights_applied": true
  }
}