{
  "description": "R\u00b2 of Ridge regression probe predicting log(|C|+1) from SAE features at three token positions.  alpha=10.0, 80/20 split.",
  "num_records": 674,
  "ridge_alpha": 10.0,
  "test_size": 0.2,
  "r2_eq": [
    0.17905068397521973,
    0.38662195205688477,
    0.6004726886749268,
    0.7088531255722046,
    0.6888229846954346,
    0.7105061411857605,
    0.5928714275360107,
    0.6091083288192749,
    0.603793740272522,
    0.5093680620193481,
    0.43551909923553467,
    0.47827064990997314,
    0.46389371156692505,
    0.36808478832244873,
    0.36419200897216797,
    0.4220772981643677,
    0.43785935640335083,
    0.31691521406173706,
    0.2934389114379883,
    0.3878779411315918,
    0.4163169860839844,
    0.4423612356185913,
    0.4239722490310669,
    0.3265146017074585
  ],
  "r2_pre_eq": [
    0.40275901556015015,
    0.512604832649231,
    0.6198103427886963,
    0.774601399898529,
    0.7657585740089417,
    0.7416899800300598,
    0.7533018589019775,
    0.7574219107627869,
    0.7662299871444702,
    0.7037749290466309,
    0.676921010017395,
    0.664861798286438,
    0.6155149936676025,
    0.6119200587272644,
    0.642182469367981,
    0.6890422701835632,
    0.5957397222518921,
    0.6027863621711731,
    0.47271668910980225,
    0.5279817581176758,
    0.5267425775527954,
    0.45468002557754517,
    0.42353498935699463,
    0.4641491770744324
  ],
  "r2_result": [
    0.5837329626083374,
    0.54498291015625,
    0.8013838529586792,
    0.90192711353302,
    0.9603764414787292,
    0.967028796672821,
    0.9692713022232056,
    0.9772175550460815,
    0.9750597476959229,
    0.9638080596923828,
    0.967454195022583,
    0.9622806906700134,
    0.9564307928085327,
    0.9586300849914551,
    0.9501474499702454,
    0.9436425566673279,
    0.9360837936401367,
    0.9272322654724121,
    0.9239202737808228,
    0.9268653988838196,
    0.907837450504303,
    0.8911750912666321,
    0.9009590744972229,
    0.8672493696212769
  ],
  "best_layer_eq": 5,
  "best_layer_pre_eq": 3,
  "best_layer_result": 7,
  "best_r2_eq": 0.7105061411857605,
  "best_r2_pre_eq": 0.774601399898529,
  "best_r2_result": 0.9772175550460815
}