{
  "method": "subspace_mean_diff",
  "probe_position": "result",
  "probe_k": 50,
  "layers_evaluated": [
    16,
    17,
    18,
    19,
    20,
    21,
    22,
    23
  ],
  "alphas": [
    0.5,
    1.0,
    2.0,
    4.0
  ],
  "mean_delta_logprob": {
    "16": {
      "0.5": -3.5682997845113276,
      "1.0": -3.5775609157979487,
      "2.0": -3.5983018825948236,
      "4.0": -3.648515295833349
    },
    "17": {
      "0.5": -2.937979125827551,
      "1.0": -2.9514859293401243,
      "2.0": -2.978840827792883,
      "4.0": -3.0337087200582027
    },
    "18": {
      "0.5": -5.086000218242407,
      "1.0": -5.066631102412939,
      "2.0": -5.024468540996313,
      "4.0": -4.90191879734397
    },
    "19": {
      "0.5": -3.051630086749792,
      "1.0": -3.0292357490956783,
      "2.0": -2.9859607981145384,
      "4.0": -2.9045062302052975
    },
    "20": {
      "0.5": -5.513002419322729,
      "1.0": -5.5243103931844235,
      "2.0": -5.5420431183278565,
      "4.0": -5.563343949168921
    },
    "21": {
      "0.5": -5.221600441783667,
      "1.0": -5.226364011615515,
      "2.0": -5.236502284854651,
      "4.0": -5.259180693477393
    },
    "22": {
      "0.5": -2.6147061060369015,
      "1.0": -2.580030169337988,
      "2.0": -2.5125251196324827,
      "4.0": -2.3850766180455683
    },
    "23": {
      "0.5": -5.097711253017187,
      "1.0": -5.100603432506323,
      "2.0": -5.107447085231542,
      "4.0": -5.1254548119008545
    }
  },
  "best_layer_shard": 22,
  "best_alpha_shard": 4.0,
  "best_mean_delta_logprob_shard": -2.3850766180455683,
  "num_test_records": 50,
  "high_c_train": 237,
  "low_c_train": 235
}