{
  "method": "subspace_mean_diff",
  "probe_position": "result",
  "probe_k": 50,
  "layers_evaluated": [
    8,
    9,
    10,
    11,
    12,
    13,
    14,
    15
  ],
  "alphas": [
    0.5,
    1.0,
    2.0,
    4.0
  ],
  "mean_delta_logprob": {
    "8": {
      "0.5": -6.181562723964452,
      "1.0": -6.1749734161794185,
      "2.0": -6.162738098949194,
      "4.0": -6.141070599406958
    },
    "9": {
      "0.5": -6.551182741969824,
      "1.0": -6.567551398128271,
      "2.0": -6.583630061000585,
      "4.0": -6.62190186008811
    },
    "10": {
      "0.5": -6.196008648723364,
      "1.0": -6.182241663783788,
      "2.0": -6.171822142452002,
      "4.0": -6.225161061137914
    },
    "11": {
      "0.5": -6.731313061565161,
      "1.0": -6.751092562526464,
      "2.0": -6.787782902568579,
      "4.0": -6.93833026394248
    },
    "12": {
      "0.5": -5.641529097408056,
      "1.0": -5.623163227885962,
      "2.0": -5.586230721324682,
      "4.0": -5.505913004726171
    },
    "13": {
      "0.5": -4.528280758708715,
      "1.0": -4.524448180049657,
      "2.0": -4.517500414699316,
      "4.0": -4.505654826015234
    },
    "14": {
      "0.5": -5.228534808009863,
      "1.0": -5.220245976299047,
      "2.0": -5.174252447932958,
      "4.0": -5.183171582072974
    },
    "15": {
      "0.5": -6.546124625056982,
      "1.0": -6.509352936595678,
      "2.0": -6.433030381053686,
      "4.0": -6.272849392741919
    }
  },
  "best_layer_shard": 13,
  "best_alpha_shard": 4.0,
  "best_mean_delta_logprob_shard": -4.505654826015234,
  "num_test_records": 50,
  "high_c_train": 237,
  "low_c_train": 235
}