{
  "method": "subspace_mean_diff",
  "probe_position": "result",
  "probe_k": 50,
  "layers_evaluated": [
    0,
    1,
    2,
    3,
    4,
    5,
    6,
    7
  ],
  "alphas": [
    0.5,
    1.0,
    2.0,
    4.0
  ],
  "mean_delta_logprob": {
    "0": {
      "0.5": -3.7600605390965938,
      "1.0": -3.718935665935278,
      "2.0": -3.6354780577123167,
      "4.0": -3.4686668299138548
    },
    "1": {
      "0.5": -5.036155314296484,
      "1.0": -5.0483823631703855,
      "2.0": -5.072808937877417,
      "4.0": -5.120194401592016
    },
    "2": {
      "0.5": -6.447431397289038,
      "1.0": -6.448531336635352,
      "2.0": -6.451481852382422,
      "4.0": -6.460861782878637
    },
    "3": {
      "0.5": -6.5291402195394035,
      "1.0": -6.463606982082129,
      "2.0": -6.26640137180686,
      "4.0": -5.850924315303564
    },
    "4": {
      "0.5": -6.271370367854834,
      "1.0": -6.265717444270849,
      "2.0": -6.3460891197621825,
      "4.0": -6.394112944453955
    },
    "5": {
      "0.5": -6.353881163448095,
      "1.0": -6.358313965648413,
      "2.0": -6.367397599071264,
      "4.0": -6.387415327876806
    },
    "6": {
      "0.5": -3.7237770603597165,
      "1.0": -3.756096300929785,
      "2.0": -3.8364909218251704,
      "4.0": -4.065684180110693
    },
    "7": {
      "0.5": -6.913181671947241,
      "1.0": -6.900382261127233,
      "2.0": -6.872690834850073,
      "4.0": -6.826974363178015
    }
  },
  "best_layer_shard": 0,
  "best_alpha_shard": 4.0,
  "best_mean_delta_logprob_shard": -3.4686668299138548,
  "num_test_records": 50,
  "high_c_train": 237,
  "low_c_train": 235
}