{
  "20": {
    "accuracy": 0.9384300649930643,
    "f1": 0.9388786310069912,
    "latent_dim": 15360
  }
}