{
  "4": {
    "accuracy": 0.9332074897204847,
    "f1": 0.9208032480830366,
    "latent_dim": 3072
  }
}