{
  "4": {
    "expansion": 4,
    "runtime_seconds": 2056.518723,
    "examples": 7473,
    "probes": {
      "4": {
        "accuracy": 0.9130091324827455,
        "f1": 0.9225681729455079,
        "latent_dim": 3072,
        "majority_class_baseline": 0.9180595717499666,
        "improvement_over_baseline": -0.005050439267221041,
        "per_class_accuracy": {
          "comparison": 0.0,
          "equation": 0.8329236136465052,
          "other": 0.9215888658097159,
          "reasoning": 0.0
        },
        "class_weights_applied": true
      }
    },
    "causal": {
      "4": {
        "num_features": 100,
        "top_feature_importance": -0.0009822845458984375,
        "results_saved": "phase3_results/full_scale_v4/4x/causal_results_4x.json",
        "summary_saved": "phase3_results/full_scale_v4/4x/causal_summary_4x.json"
      }
    }
  },
  "6": {
    "expansion": 6,
    "runtime_seconds": 2127.923451,
    "examples": 7473,
    "probes": {
      "6": {
        "accuracy": 0.8683039404209554,
        "f1": 0.8917816397125167,
        "latent_dim": 4608,
        "majority_class_baseline": 0.9180595717499666,
        "improvement_over_baseline": -0.049755631329011174,
        "per_class_accuracy": {
          "comparison": 0.0,
          "equation": 0.969912512716175,
          "other": 0.8609350514040573,
          "reasoning": 0.0
        },
        "class_weights_applied": true
      }
    },
    "causal": {
      "6": {
        "num_features": 100,
        "top_feature_importance": -0.04941558837890625,
        "results_saved": "phase3_results/full_scale_v4/6x/causal_results_6x.json",
        "summary_saved": "phase3_results/full_scale_v4/6x/causal_summary_6x.json"
      }
    }
  },
  "8": {
    "expansion": 8,
    "runtime_seconds": 3018.016351,
    "examples": 7473,
    "probes": {
      "8": {
        "accuracy": 0.8333153650085496,
        "f1": 0.8897918658304395,
        "latent_dim": 6144,
        "majority_class_baseline": 0.9180595717499666,
        "improvement_over_baseline": -0.08474420674141692,
        "per_class_accuracy": {
          "comparison": 0.0,
          "equation": 0.34448503388630797,
          "other": 0.8768554694449782,
          "reasoning": 0.6262272089761571
        },
        "class_weights_applied": true
      }
    },
    "causal": {
      "8": {
        "num_features": 100,
        "top_feature_importance": -0.00661468505859375,
        "results_saved": "phase3_results/full_scale_v4/8x/causal_results_8x.json",
        "summary_saved": "phase3_results/full_scale_v4/8x/causal_summary_8x.json"
      }
    }
  }
}