{
  "12": {
    "expansion": 12,
    "runtime_seconds": 2722.959717,
    "examples": 7473,
    "probes": {
      "12": {
        "accuracy": 0.9054748505525423,
        "f1": 0.9183893944244225,
        "latent_dim": 9216,
        "majority_class_baseline": 0.9180595717499666,
        "improvement_over_baseline": -0.012584721197424265,
        "per_class_accuracy": {
          "comparison": 0.0,
          "equation": 0.9140315399794517,
          "other": 0.9062737915832405,
          "reasoning": 0.0
        },
        "class_weights_applied": true
      }
    },
    "causal": {
      "12": {
        "num_features": 100,
        "top_feature_importance": -0.0008840560913085938,
        "results_saved": "phase3_results/full_scale_v4/12x/causal_results_12x.json",
        "summary_saved": "phase3_results/full_scale_v4/12x/causal_summary_12x.json"
      }
    }
  },
  "14": {
    "expansion": 14,
    "runtime_seconds": 2555.537633,
    "examples": 7473,
    "probes": {
      "14": {
        "accuracy": 0.8607866467250931,
        "f1": 0.8863720903870979,
        "latent_dim": 10752,
        "majority_class_baseline": 0.9180595717499666,
        "improvement_over_baseline": -0.05727292502487347,
        "per_class_accuracy": {
          "comparison": 0.0,
          "equation": 0.9760456212076966,
          "other": 0.8521143302947947,
          "reasoning": 0.0
        },
        "class_weights_applied": true
      }
    },
    "causal": {
      "14": {
        "num_features": 100,
        "top_feature_importance": -0.02817535400390625,
        "results_saved": "phase3_results/full_scale_v4/14x/causal_results_14x.json",
        "summary_saved": "phase3_results/full_scale_v4/14x/causal_summary_14x.json"
      }
    }
  }
}