{
  "4": {
    "accuracy": 0.9130091324827455,
    "f1": 0.9225681729455079,
    "latent_dim": 3072,
    "majority_class_baseline": 0.9180595717499666,
    "improvement_over_baseline": -0.005050439267221041,
    "per_class_accuracy": {
      "comparison": 0.0,
      "equation": 0.8329236136465052,
      "other": 0.9215888658097159,
      "reasoning": 0.0
    },
    "class_weights_applied": true
  }
}