{
  "8": {
    "accuracy": 0.9203898669102518,
    "f1": 0.9328954176316036,
    "latent_dim": 6144
  }
}