{
  "top_k": 256,
  "sel_threshold": 0.1,
  "num_records": 674,
  "category_totals_across_all_layers": {
    "computation_bridge": 9348,
    "result_encoder": 6641,
    "operand_tracker": 5614,
    "dual_role": 1767,
    "background": 271542
  },
  "top_features_per_category": {
    "computation_bridge": {
      "best_layer": 13,
      "count_at_best_layer": 432,
      "sample_features": [
        58,
        68,
        143,
        156,
        201,
        251,
        258,
        261,
        307,
        323,
        376,
        408,
        420,
        478,
        480,
        512,
        514,
        517,
        519,
        524
      ]
    },
    "result_encoder": {
      "best_layer": 14,
      "count_at_best_layer": 372,
      "sample_features": [
        26,
        29,
        43,
        87,
        101,
        106,
        199,
        223,
        236,
        252,
        261,
        371,
        428,
        435,
        464,
        474,
        498,
        513,
        530,
        587
      ]
    },
    "operand_tracker": {
      "best_layer": 10,
      "count_at_best_layer": 328,
      "sample_features": [
        4,
        38,
        42,
        45,
        62,
        118,
        142,
        167,
        178,
        189,
        194,
        199,
        241,
        266,
        307,
        344,
        383,
        444,
        466,
        560
      ]
    },
    "dual_role": {
      "best_layer": 1,
      "count_at_best_layer": 189,
      "sample_features": [
        115,
        117,
        170,
        206,
        302,
        378,
        385,
        449,
        561,
        564,
        576,
        721,
        1135,
        1168,
        1216,
        1304,
        1375,
        1410,
        1422,
        1429
      ]
    },
    "background": {
      "best_layer": 0,
      "count_at_best_layer": 11526,
      "sample_features": [
        0,
        1,
        2,
        3,
        4,
        5,
        6,
        7,
        8,
        9,
        10,
        11,
        12,
        13,
        14,
        15,
        16,
        17,
        18,
        19
      ]
    }
  },
  "mean_rate_by_role_by_layer": {
    "operand": [
      0.0208333320915699,
      0.02083333395421505,
      0.0208333320915699,
      0.02083333395421505,
      0.0208333320915699,
      0.02083333395421505,
      0.02083333395421505,
      0.02083333395421505,
      0.02083333395421505,
      0.02083333395421505,
      0.0208333320915699,
      0.02083333395421505,
      0.02083333395421505,
      0.02083333395421505,
      0.02083333395421505,
      0.02083333395421505,
      0.0208333320915699,
      0.0208333320915699,
      0.02083333395421505,
      0.0208333320915699,
      0.02083333395421505,
      0.0208333320915699,
      0.02083333395421505,
      0.02083333395421505
    ],
    "result": [
      0.02083333395421505,
      0.02083333395421505,
      0.02083333395421505,
      0.02083333395421505,
      0.02083333395421505,
      0.02083333395421505,
      0.0208333320915699,
      0.0208333320915699,
      0.02083333395421505,
      0.0208333320915699,
      0.02083333395421505,
      0.02083333395421505,
      0.02083333395421505,
      0.02083333395421505,
      0.02083333395421505,
      0.02083333395421505,
      0.02083333395421505,
      0.0208333320915699,
      0.02083333395421505,
      0.0208333320915699,
      0.0208333320915699,
      0.02083333022892475,
      0.02083333395421505,
      0.02083333395421505
    ],
    "eq_sign": [
      0.02083333395421505,
      0.02083333395421505,
      0.02083333395421505,
      0.02083333395421505,
      0.02083333395421505,
      0.02083333395421505,
      0.02083333395421505,
      0.02083333395421505,
      0.02083333395421505,
      0.02083333395421505,
      0.02083333395421505,
      0.0208333320915699,
      0.02083333395421505,
      0.02083333395421505,
      0.0208333320915699,
      0.0208333320915699,
      0.02083333395421505,
      0.02083333395421505,
      0.02083333395421505,
      0.02083333395421505,
      0.02083333395421505,
      0.02083333395421505,
      0.02083333395421505,
      0.02083333395421505
    ],
    "background": [
      0.02083333395421505,
      0.02083333395421505,
      0.02083333395421505,
      0.02083333395421505,
      0.02083333395421505,
      0.02083333395421505,
      0.02083333395421505,
      0.0208333320915699,
      0.02083333022892475,
      0.02083333395421505,
      0.02083333395421505,
      0.02083333395421505,
      0.0208333320915699,
      0.02083333395421505,
      0.0208333320915699,
      0.0208333320915699,
      0.02083333395421505,
      0.02083333395421505,
      0.02083333395421505,
      0.02083333395421505,
      0.02083333395421505,
      0.02083333395421505,
      0.02083333395421505,
      0.0208333320915699
    ]
  }
}