{
  "description": "R\u00b2 of Ridge regression probe predicting log(|C|+1) from SAE features at three token positions.  alpha=10.0, 80/20 split.",
  "num_records": 674,
  "ridge_alpha": 10.0,
  "test_size": 0.2,
  "r2_eq": [
    -0.10125041007995605,
    0.39690059423446655,
    0.48650890588760376,
    0.6748447418212891,
    0.6080758571624756,
    -162.5680389404297,
    0.17356359958648682,
    -5652.30078125,
    0.7511000633239746,
    0.1929931640625,
    0.610108494758606,
    0.574748158454895,
    0.6112481355667114,
    0.6794434785842896,
    0.6556947231292725,
    0.48383694887161255,
    0.27614325284957886,
    0.5947304964065552,
    0.6015896797180176,
    0.5651518702507019,
    0.5921152830123901,
    0.44708186388015747,
    0.5566098690032959,
    0.46248388290405273
  ],
  "r2_pre_eq": [
    0.5365921258926392,
    0.6493361592292786,
    0.7711743116378784,
    0.8378605842590332,
    0.8359526991844177,
    0.8457807302474976,
    0.829677939414978,
    0.8494220972061157,
    0.8558055758476257,
    0.8513978719711304,
    0.8519711494445801,
    0.8432819843292236,
    0.8253358602523804,
    0.8139235973358154,
    0.8251733779907227,
    0.8246094584465027,
    0.8090523481369019,
    0.8097256422042847,
    0.7928339242935181,
    0.7678574919700623,
    0.7717695236206055,
    0.7364505529403687,
    0.7033513784408569,
    0.6986527442932129
  ],
  "r2_result": [
    0.6633001565933228,
    0.7560803890228271,
    0.8382728099822998,
    0.9426479339599609,
    0.9667552709579468,
    0.9665894508361816,
    0.9759334921836853,
    0.9849141240119934,
    0.9854955673217773,
    0.9726940989494324,
    0.9472669363021851,
    0.9715242981910706,
    0.976568877696991,
    0.974995493888855,
    0.9728811979293823,
    0.9678667783737183,
    0.9674639105796814,
    0.9662305116653442,
    0.955087423324585,
    0.9475942254066467,
    0.9466151595115662,
    0.9434478282928467,
    0.9290872812271118,
    0.9049558043479919
  ],
  "best_layer_eq": 8,
  "best_layer_pre_eq": 8,
  "best_layer_result": 8,
  "best_r2_eq": 0.7511000633239746,
  "best_r2_pre_eq": 0.8558055758476257,
  "best_r2_result": 0.9854955673217773
}