{
  "10": {
    "accuracy": 0.8727751130207629,
    "f1": 0.8949752404178763,
    "latent_dim": 7680,
    "majority_class_baseline": 0.9180595717499666,
    "improvement_over_baseline": -0.045284458729203614,
    "per_class_accuracy": {
      "comparison": 0.0,
      "equation": 0.9671143558641323,
      "other": 0.8660633831988829,
      "reasoning": 0.0
    },
    "class_weights_applied": true
  }
}