{
  "num_pairs": 30,
  "patch_k": 128,
  "method": "subspace",
  "mean_delta_logprob": [
    -0.009149153716862202,
    0.0023831487633287907,
    0.02019067294895649,
    -0.02203352376818657,
    0.004191652871668339,
    0.012628650292754173,
    0.005610533524304628,
    0.027995813637971878,
    0.01942732371389866,
    -0.023501912131905556,
    0.006300302222371101,
    0.02631123550236225,
    0.04544685408473015,
    0.02343791350722313,
    0.083312027156353,
    0.08265886455774307,
    0.02340618334710598,
    0.09699468314647675,
    0.07113226503133774,
    0.04760470613837242,
    0.08884690701961517,
    0.08643641322851181,
    0.10663677006959915,
    0.05580628663301468
  ],
  "std_delta_logprob": [
    0.023483607918024063,
    0.06360208988189697,
    0.08579128980636597,
    0.0800694078207016,
    0.050273895263671875,
    0.08487825840711594,
    0.0788806676864624,
    0.09084398299455643,
    0.11498507857322693,
    0.1485360860824585,
    0.14753445982933044,
    0.1367754191160202,
    0.1351194530725479,
    0.17546144127845764,
    0.14740201830863953,
    0.1511552482843399,
    0.1718246191740036,
    0.17601244151592255,
    0.14772459864616394,
    0.14481759071350098,
    0.14143583178520203,
    0.13888713717460632,
    0.19623655080795288,
    0.22367849946022034
  ],
  "best_layer": 22,
  "best_mean_delta_logprob": 0.10663677006959915,
  "worst_layer": 9
}