{
  "rows": [
    {
      "seed": 20260307,
      "m1": 0.5706447187928669,
      "m3": 0.6515775034293552,
      "delta_cv": 0.08093278463648823,
      "delta_cv_ci": {
        "lower": 0.02057613168724276,
        "upper": 0.13854595336076825
      },
      "fold_pos_frac": 0.6,
      "cv_gate": false,
      "final": "mixed_redundant_or_insufficient"
    },
    {
      "seed": 20260311,
      "m1": 0.5651577503429355,
      "m3": 0.6131687242798354,
      "delta_cv": 0.0480109739368999,
      "delta_cv_ci": {
        "lower": -0.002743484224965731,
        "upper": 0.10699588477366262
      },
      "fold_pos_frac": 0.8,
      "cv_gate": false,
      "final": "mixed_redundant_or_insufficient"
    },
    {
      "seed": 20260317,
      "m1": 0.5775034293552813,
      "m3": 0.6460905349794239,
      "delta_cv": 0.06858710562414261,
      "delta_cv_ci": {
        "lower": 0.010973936899862813,
        "upper": 0.1344307270233196
      },
      "fold_pos_frac": 0.8,
      "cv_gate": false,
      "final": "mixed_redundant_or_insufficient"
    }
  ],
  "m3_mean": 0.6369455875628715,
  "m1_mean": 0.5711019661636946,
  "delta_mean": 0.06584362139917692,
  "m3_gt_0p7": 0
}