{
  "schema_version": "phase7_trackA_gate_decision_v1",
  "run_tag": "phase7_r2p1_20260305_025056_phase7_r2p1_full",
  "composite_auroc_max": 0.7552922448979594,
  "causal_auroc_max": 0.5001669387755102,
  "coverage_max": 0.30898366606170596,
  "num_rows": 16,
  "any_dual_gate_pass": false
}