{
  "schema_version": "phase7_trackA_gate_matrix_v1",
  "run_tag": "phase7_issue_closure_r1_20260305_003736_phase7_issue_closure_r1",
  "rows": [
    {
      "benchmark_path": "phase7_results/results/faithfulness_benchmark_phase7_issue_closure_r1_20260305_003736_phase7_issue_closure_r1_raw_every2_even_magnitude_bucket.json",
      "variable": "bucket",
      "composite_auroc": 0.7230759183673472,
      "text_auroc": 0.6892987755102041,
      "latent_auroc": 0.5434289795918366,
      "causal_auroc": 0.5000718367346938,
      "coverage": 0.30898366606170596,
      "dual_gate_pass": false,
      "leakage_check_pass": true
    },
    {
      "benchmark_path": "phase7_results/results/faithfulness_benchmark_phase7_issue_closure_r1_20260305_003736_phase7_issue_closure_r1_raw_every2_even_operator.json",
      "variable": "operator",
      "composite_auroc": 0.7247073469387757,
      "text_auroc": 0.6892987755102041,
      "latent_auroc": 0.5434289795918366,
      "causal_auroc": 0.5000220408163265,
      "coverage": 0.30898366606170596,
      "dual_gate_pass": false,
      "leakage_check_pass": true
    },
    {
      "benchmark_path": "phase7_results/results/faithfulness_benchmark_phase7_issue_closure_r1_20260305_003736_phase7_issue_closure_r1_raw_every2_even_sign.json",
      "variable": "sign",
      "composite_auroc": 0.7191738775510207,
      "text_auroc": 0.6892987755102041,
      "latent_auroc": 0.5434289795918366,
      "causal_auroc": 0.5000604081632652,
      "coverage": 0.30898366606170596,
      "dual_gate_pass": false,
      "leakage_check_pass": true
    },
    {
      "benchmark_path": "phase7_results/results/faithfulness_benchmark_phase7_issue_closure_r1_20260305_003736_phase7_issue_closure_r1_raw_every2_even_subresult_value.json",
      "variable": "value",
      "composite_auroc": 0.7552922448979594,
      "text_auroc": 0.6892987755102041,
      "latent_auroc": 0.5434289795918366,
      "causal_auroc": 0.4993751020408163,
      "coverage": 0.30898366606170596,
      "dual_gate_pass": false,
      "leakage_check_pass": true
    }
  ]
}