{
  "18": {
    "accuracy": 0.9124785768564057,
    "f1": 0.9233221774088379,
    "latent_dim": 13824,
    "majority_class_baseline": 0.9180595717499666,
    "improvement_over_baseline": -0.005580994893560898,
    "per_class_accuracy": {
      "comparison": 0.0,
      "equation": 0.8944096342347775,
      "other": 0.9156591525923058,
      "reasoning": 0.0
    },
    "class_weights_applied": true
  }
}