{
  "12": {
    "accuracy": 0.9054748505525423,
    "f1": 0.9183893944244225,
    "latent_dim": 9216,
    "majority_class_baseline": 0.9180595717499666,
    "improvement_over_baseline": -0.012584721197424265,
    "per_class_accuracy": {
      "comparison": 0.0,
      "equation": 0.9140315399794517,
      "other": 0.9062737915832405,
      "reasoning": 0.0
    },
    "class_weights_applied": true
  }
}