{
  "method": "nn_transfer",
  "probe_position": "result",
  "probe_k": 50,
  "layers_evaluated": [
    8,
    9,
    10,
    11,
    12,
    13,
    14,
    15
  ],
  "betas": [
    0.25,
    0.5,
    0.75,
    1.0
  ],
  "mean_delta_logprob": {
    "8": {
      "0.25": -6.179700589030981,
      "0.5": -6.1734116314351555,
      "0.75": -6.1704200218617915,
      "1.0": -6.17077790722251
    },
    "9": {
      "0.25": -6.523515696376562,
      "0.5": -6.522771534770727,
      "0.75": -6.526178545802832,
      "1.0": -6.533627562373876
    },
    "10": {
      "0.25": -6.24294413074851,
      "0.5": -6.280506806224585,
      "0.75": -6.328133902400732,
      "1.0": -6.389309372752905
    },
    "11": {
      "0.25": -6.654610247462988,
      "0.5": -6.607703766673803,
      "0.75": -6.560053934901953,
      "1.0": -6.513905701488256
    },
    "12": {
      "0.25": -5.678660340160132,
      "0.5": -5.6975920914113525,
      "0.75": -5.703967718929053,
      "1.0": -5.704793324321509
    },
    "13": {
      "0.25": -4.529680008739233,
      "0.5": -4.543959164470434,
      "0.75": -4.577578682750463,
      "1.0": -4.592390370219946
    },
    "14": {
      "0.25": -5.209924549907446,
      "0.5": -5.18447679027915,
      "0.75": -5.152150873988867,
      "1.0": -5.129106659740209
    },
    "15": {
      "0.25": -6.617120032161474,
      "0.5": -6.648728403896094,
      "0.75": -6.675518231242895,
      "1.0": -6.699038538783789
    }
  },
  "best_layer_shard": 13,
  "best_beta_shard": 0.25,
  "best_mean_delta_logprob_shard": -4.529680008739233,
  "num_test_records": 50,
  "high_c_train": 237,
  "low_c_train": 235,
  "baseline_phase5_full_space_best": -2.854,
  "baseline_phase5b_subspace_best": -2.385,
  "baseline_phase4r_subspace_patch_best": 0.1066
}