{
  "method": "nn_transfer",
  "probe_position": "result",
  "probe_k": 50,
  "layers_evaluated": [
    16,
    17,
    18,
    19,
    20,
    21,
    22,
    23
  ],
  "betas": [
    0.25,
    0.5,
    0.75,
    1.0
  ],
  "mean_delta_logprob": {
    "16": {
      "0.25": -3.624407334178686,
      "0.5": -3.6874688099324704,
      "0.75": -3.7514422748982907,
      "1.0": -3.8207935856282713
    },
    "17": {
      "0.25": -2.900809306949377,
      "0.5": -2.8790465401113035,
      "0.75": -2.8587496183812617,
      "1.0": -2.840025811046362
    },
    "18": {
      "0.25": -5.099297823756933,
      "0.5": -5.092206129878759,
      "0.75": -5.086450266689062,
      "1.0": -5.081125731319189
    },
    "19": {
      "0.25": -3.057651362270117,
      "0.5": -3.043403572887182,
      "0.75": -3.031577987521887,
      "1.0": -3.0219010923802854
    },
    "20": {
      "0.25": -5.488317417949438,
      "0.5": -5.4760285709798335,
      "0.75": -5.463707403987646,
      "1.0": -5.451325621455908
    },
    "21": {
      "0.25": -5.220559048503637,
      "0.5": -5.2260190246999265,
      "0.75": -5.2333269260823725,
      "1.0": -5.242413611263037
    },
    "22": {
      "0.25": -2.6301426266133787,
      "0.5": -2.6133080385625362,
      "0.75": -2.599465894550085,
      "1.0": -2.5886105059087274
    },
    "23": {
      "0.25": -5.0823210476338865,
      "0.5": -5.071215748637915,
      "0.75": -5.06179407581687,
      "1.0": -5.054041838496923
    }
  },
  "best_layer_shard": 22,
  "best_beta_shard": 1.0,
  "best_mean_delta_logprob_shard": -2.5886105059087274,
  "num_test_records": 50,
  "high_c_train": 237,
  "low_c_train": 235,
  "baseline_phase5_full_space_best": -2.854,
  "baseline_phase5b_subspace_best": -2.385,
  "baseline_phase4r_subspace_patch_best": 0.1066
}