{
  "method": "nn_transfer",
  "probe_position": "result",
  "probe_k": 50,
  "layers_evaluated": [
    0,
    1,
    2,
    3,
    4,
    5,
    6,
    7
  ],
  "betas": [
    0.25,
    0.5,
    0.75,
    1.0
  ],
  "mean_delta_logprob": {
    "0": {
      "0.25": -3.811751203387976,
      "0.5": -3.8238792560994623,
      "0.75": -3.8376592062413692,
      "1.0": -3.855660919994116
    },
    "1": {
      "0.25": -5.020819506496191,
      "0.5": -5.019151997417212,
      "0.75": -5.018988203853369,
      "1.0": -5.020273575633764
    },
    "2": {
      "0.25": -6.359337859004736,
      "0.5": -6.2683987759053705,
      "0.75": -6.176690831035375,
      "1.0": -6.092406992763281
    },
    "3": {
      "0.25": -6.440840697139501,
      "0.5": -6.261380667537451,
      "0.75": -6.128310074657202,
      "1.0": -6.040943598598242
    },
    "4": {
      "0.25": -6.349166455119848,
      "0.5": -6.39245006069541,
      "0.75": -6.405490116924048,
      "1.0": -6.378601708263159
    },
    "5": {
      "0.25": -6.316806893199682,
      "0.5": -6.2836924789845945,
      "0.75": -6.250251221507788,
      "1.0": -6.216573109477759
    },
    "6": {
      "0.25": -3.7410340927541257,
      "0.5": -3.79524713024497,
      "0.75": -3.825532431453466,
      "1.0": -3.856386208385229
    },
    "7": {
      "0.25": -6.979136643260717,
      "0.5": -7.02593204960227,
      "0.75": -7.064606747478247,
      "1.0": -7.103051104396582
    }
  },
  "best_layer_shard": 6,
  "best_beta_shard": 0.25,
  "best_mean_delta_logprob_shard": -3.7410340927541257,
  "num_test_records": 50,
  "high_c_train": 237,
  "low_c_train": 235,
  "baseline_phase5_full_space_best": -2.854,
  "baseline_phase5b_subspace_best": -2.385,
  "baseline_phase4r_subspace_patch_best": 0.1066
}