{
  "6": {
    "accuracy": 0.9187766380414918,
    "f1": 0.8817240135804898,
    "latent_dim": 4608
  }
}