{
  "12": {
    "accuracy": 0.9313786409543205,
    "f1": 0.9359321641677467,
    "latent_dim": 9216
  }
}