{
  "14": {
    "accuracy": 0.9390272667695109,
    "f1": 0.936205136061241,
    "latent_dim": 10752
  }
}