{
  "20": {
    "accuracy": 0.8877175719108693,
    "f1": 0.9056821268115283,
    "latent_dim": 15360,
    "majority_class_baseline": 0.9180595717499666,
    "improvement_over_baseline": -0.030341999839097245,
    "per_class_accuracy": {
      "comparison": 0.0,
      "equation": 0.9436456608789972,
      "other": 0.8842987260430496,
      "reasoning": 0.0
    },
    "class_weights_applied": true
  }
}