{
  "16": {
    "accuracy": 0.9090351924342245,
    "f1": 0.9209041615979545,
    "latent_dim": 12288,
    "majority_class_baseline": 0.9180595717499666,
    "improvement_over_baseline": -0.00902437931574207,
    "per_class_accuracy": {
      "comparison": 0.0,
      "equation": 0.9067809694064113,
      "other": 0.9108035855365707,
      "reasoning": 0.0
    },
    "class_weights_applied": true
  }
}