{
  "14": {
    "accuracy": 0.8607866467250931,
    "f1": 0.8863720903870979,
    "latent_dim": 10752,
    "majority_class_baseline": 0.9180595717499666,
    "improvement_over_baseline": -0.05727292502487347,
    "per_class_accuracy": {
      "comparison": 0.0,
      "equation": 0.9760456212076966,
      "other": 0.8521143302947947,
      "reasoning": 0.0
    },
    "class_weights_applied": true
  }
}