{
  "18": {
    "accuracy": 0.9106915452824653,
    "f1": 0.9219520585431759,
    "latent_dim": 13824
  }
}