{
  "8": {
    "accuracy": 0.8333153650085496,
    "f1": 0.8897918658304395,
    "latent_dim": 6144,
    "majority_class_baseline": 0.9180595717499666,
    "improvement_over_baseline": -0.08474420674141692,
    "per_class_accuracy": {
      "comparison": 0.0,
      "equation": 0.34448503388630797,
      "other": 0.8768554694449782,
      "reasoning": 0.6262272089761571
    },
    "class_weights_applied": true
  }
}